Name,Company name,emails
Karl Aberer,EPFL,karl.aberer@epfl.ch
Antoine Bosselut,EPFL,antoine.bosselut@epfl.ch
Boi Faltings,EPFL,boi.faltings@epfl.ch
Caglar Gulcehre,EPFL,caglar.gulcehre@epfl.ch
Martin Jaggi,EPFL,martin.jaggi@epfl.ch
Pearl Pu,EPFL,pearl.pu@epfl.ch
Martin Schrimpf,EPFL,martin.schrimpf@epfl.ch
Robert West,EPFL,robert.west@epfl.ch
